{"initial_reset_timestamp": 1675963819.5739465, "timestamps": [1675963826.6960027, 1675963831.4440687, 1675963836.5820577, 1675963841.6649177, 1675963846.4410708, 1675963850.8139179, 1675963855.2176929, 1675963860.8077278, 1675963867.1554787, 1675963872.8096066, 1675963877.7477531, 1675963882.9786592, 1675963888.1432378, 1675963894.2948859, 1675963899.6599424, 1675963904.676392, 1675963910.0220373, 1675963915.441893, 1675963920.6081429, 1675963927.0796683, 1675963933.721962, 1675963938.6472454, 1675963943.2744615, 1675963948.0803103, 1675963953.8201041, 1675963959.0551796, 1675963963.7749493, 1675963969.928019, 1675963976.5372841, 1675963981.393942, 1675963986.8003056, 1675963992.0490623, 1675963998.4697948, 1675964005.128135, 1675964011.6993086, 1675964020.299747, 1675964028.8910825, 1675964035.430667, 1675964046.2337787, 1675964056.3936582, 1675964067.1689582, 1675964077.0797524, 1675964087.2108238, 1675964096.2083645, 1675964106.20678, 1675964120.4011242, 1675964134.0402646, 1675964147.8540921, 1675964161.4221213, 1675964175.8757887, 1675964186.526738, 1675964195.0134304, 1675964208.403851, 1675964218.4192057, 1675964236.817132, 1675964247.6592934, 1675964258.701381, 1675964270.166261, 1675964284.5112529, 1675964293.910372, 1675964310.3458788, 1675964324.6058753, 1675964335.9725254, 1675964355.303831, 1675964367.8409357, 1675964380.2093112, 1675964390.8547704, 1675964403.0670125, 1675964418.220178, 1675964430.114372, 1675964444.6461806, 1675964459.1733053, 1675964471.2985578, 1675964482.5147147, 1675964497.194401, 1675964512.3462005, 1675964525.9107141, 1675964539.4071999, 1675964553.2493882, 1675964569.179452, 1675964579.653976, 1675964597.464028, 1675964610.9690576, 1675964623.384602, 1675964631.455284, 1675964643.2408063, 1675964660.9003246, 1675964672.9101307, 1675964689.693154, 1675964699.3519526, 1675964715.65997, 1675964733.12521, 1675964752.502665, 1675964764.720784, 1675964775.7016814, 1675964792.708022, 1675964804.2227595, 1675964814.9978268, 1675964829.4984565, 1675964842.2390754, 1675964856.5823672, 1675964872.765509, 1675964881.8141327, 1675964895.7648592, 1675964909.490942, 1675964922.4081104, 1675964935.3357637, 1675964947.6852436, 1675964963.097164, 1675964980.4291153, 1675964996.6549313, 1675965012.550919, 1675965028.2984195, 1675965045.9971993, 1675965060.7037978, 1675965074.3046176, 1675965090.8876357, 1675965108.636798, 1675965125.2145948, 1675965147.9207473, 1675965165.5068815, 1675965183.0768468, 1675965199.3316407, 1675965217.8745775, 1675965238.4228683, 1675965251.6618767, 1675965266.4279518, 1675965286.0902028, 1675965305.6456363, 1675965318.0453548, 1675965338.4715638, 1675965348.7123704, 1675965367.836289, 1675965387.6501913, 1675965409.1595209, 1675965423.185502, 1675965438.2264345, 1675965452.4665895, 1675965472.1629987, 1675965482.017955, 1675965498.9981208, 1675965512.8859253, 1675965533.7834864, 1675965547.2113802, 1675965564.2287707, 1675965574.9115493, 1675965594.727404, 1675965603.1046162, 1675965613.7933886, 1675965626.8939998, 1675965647.8766773, 1675965663.2365177, 1675965681.2246022, 1675965700.6378748, 1675965718.8613925, 1675965734.2693615, 1675965749.459155, 1675965770.8088858, 1675965792.8260262, 1675965811.0323167, 1675965826.2817636, 1675965848.3001242, 1675965866.0776334, 1675965882.434398, 1675965904.7410831, 1675965922.9097223, 1675965942.9882355, 1675965962.4841447, 1675965981.894867, 1675966000.85253, 1675966019.2094712, 1675966040.95696, 1675966062.289543, 1675966084.2959025, 1675966103.0213125, 1675966123.9814508, 1675966140.3458521, 1675966157.6736383, 1675966174.5128868, 1675966190.2877176, 1675966208.6689107, 1675966227.4880018, 1675966244.4521701, 1675966264.4495666, 1675966283.3253102, 1675966298.1350207, 1675966318.10181, 1675966335.2374113, 1675966352.5970442, 1675966368.4716525, 1675966386.4686897, 1675966405.5787177, 1675966423.704606, 1675966439.633243, 1675966460.5040543, 1675966481.068454, 1675966494.1457007, 1675966509.2347126, 1675966524.8227575, 1675966539.9316442, 1675966560.5031857, 1675966576.610448, 1675966596.5412138, 1675966609.2926004, 1675966626.0578969, 1675966641.3738244, 1675966654.1507318, 1675966670.9234736, 1675966685.1781888, 1675966698.6777015, 1675966711.2727306, 1675966725.938552, 1675966744.9814513, 1675966758.4507532, 1675966770.0254233, 1675966784.63147, 1675966800.1644208, 1675966813.7629683, 1675966830.076003, 1675966842.7413197, 1675966853.1744323, 1675966866.5162532, 1675966879.4166443, 1675966893.8698626, 1675966906.3662076, 1675966921.997183, 1675966938.2410698, 1675966952.8163009, 1675966964.8475137, 1675966977.429539, 1675966991.5941224, 1675967005.0635064, 1675967019.3932507, 1675967032.182468, 1675967042.997815, 1675967059.8144271, 1675967072.6213279, 1675967087.9138038, 1675967101.8645048, 1675967114.3837547, 1675967124.9477482, 1675967136.0018985, 1675967148.0218468, 1675967161.4940345, 1675967174.223835, 1675967185.4453328, 1675967198.190111, 1675967209.781146, 1675967221.6357324, 1675967232.7245286, 1675967245.1239445, 1675967259.0279293, 1675967270.2302372, 1675967281.61124, 1675967293.442396, 1675967303.7894902, 1675967316.3085835, 1675967328.6643274, 1675967341.4229243, 1675967355.0343215, 1675967366.281189, 1675967378.4862754, 1675967389.5295837, 1675967400.2848225, 1675967410.5326273, 1675967421.7431223, 1675967435.1702042, 1675967447.3809772, 1675967462.3624368, 1675967475.7749517, 1675967489.7605138, 1675967502.0846496, 1675967515.0975277, 1675967528.643278, 1675967541.2016737, 1675967552.11817, 1675967565.689474, 1675967576.1608124, 1675967586.576233, 1675967599.262004, 1675967610.0798092, 1675967621.7195354, 1675967632.6202443, 1675967642.9132905, 1675967654.9839127, 1675967667.7426991, 1675967681.3064764, 1675967692.6185367, 1675967704.0973268, 1675967714.9701047, 1675967727.3876896, 1675967738.9172928, 1675967750.9130478, 1675967763.4962828, 1675967774.7043478, 1675967786.974217, 1675967797.7282593, 1675967809.2613437, 1675967819.969739, 1675967837.5475445, 1675967848.4712207, 1675967862.2985878, 1675967872.6091707, 1675967884.7059307, 1675967896.6756968, 1675967907.5367165, 1675967920.3012745, 1675967933.438558, 1675967945.131972, 1675967955.8806365, 1675967969.0842648, 1675967979.7059238, 1675967990.9097, 1675968004.3375971, 1675968016.6629004, 1675968026.9751623, 1675968038.1284275, 1675968052.3491104, 1675968063.4385617, 1675968075.3226051, 1675968088.6649685, 1675968101.0691488, 1675968113.5164454, 1675968125.2711701, 1675968136.1042268, 1675968146.4457152, 1675968159.104661, 1675968172.7156303, 1675968184.6807432, 1675968198.104777, 1675968209.3992238, 1675968222.5512648, 1675968235.54092, 1675968249.6691844, 1675968262.0057123, 1675968273.2232096, 1675968285.0834022, 1675968296.8000445, 1675968306.80415, 1675968319.0737526, 1675968329.9599037, 1675968340.3640926, 1675968351.8186631, 1675968364.7535646, 1675968376.0331876, 1675968387.978495, 1675968398.809273, 1675968413.4187589, 1675968423.9330873, 1675968435.7460847, 1675968445.6746955, 1675968457.0300627, 1675968467.8748548, 1675968479.049154, 1675968490.4120238, 1675968500.3488762, 1675968514.6304543, 1675968526.0846388, 1675968540.15362, 1675968551.0280874, 1675968562.1187477, 1675968572.440221, 1675968584.9290168, 1675968595.2520623, 1675968605.187938, 1675968616.67176, 1675968627.9097128, 1675968638.8574374, 1675968651.0293243, 1675968663.230511, 1675968673.9052112, 1675968686.1699123, 1675968696.6995022, 1675968707.7911496, 1675968717.923342, 1675968728.2437737, 1675968739.5654576, 1675968751.1467304, 1675968761.401518, 1675968773.0907266, 1675968783.50079, 1675968795.6787663, 1675968806.9749985, 1675968817.9300752, 1675968827.7703114, 1675968841.4329836, 1675968854.1628773, 1675968866.1789799, 1675968880.6778867, 1675968892.6048312, 1675968904.7852056, 1675968916.727321, 1675968926.6636198, 1675968939.5937607, 1675968949.7565873, 1675968959.8852851, 1675968972.2765837, 1675968982.5701346, 1675968993.134978, 1675969004.2122343, 1675969016.3280253, 1675969029.2261238, 