{"initial_reset_timestamp": 3592.600377888, "timestamps": [3593.803912637, 3593.93186643, 3594.035831401, 3594.226424583, 3594.348483835, 3594.496948592, 3594.620172059, 3594.725077569, 3594.8795874, 3595.183015894, 3595.302512371, 3595.431231664, 3595.597064393, 3595.777444899, 3595.917214923, 3596.037595658, 3596.203105717, 3596.342071624, 3596.446006762, 3596.590953719, 3596.864994494, 3597.088275305, 3597.246040627, 3597.426669466, 3597.654520211, 3597.83012666, 3598.218268293, 3598.44963727, 3598.650657225, 3598.88002293, 3599.083865939, 3599.320541569, 3599.739216621, 3599.932031448, 3600.153414873, 3600.299637031, 3600.501423224, 3600.709051965, 3600.97171611, 3601.136832242, 3601.359367702, 3601.551867125, 3601.834749405, 3602.051620017, 3602.25419984, 3602.42902829, 3602.66832571, 3602.918318463, 3603.143988844, 3603.339878233, 3603.543463824, 3603.688545148, 3603.857623529, 3604.047485929, 3604.213507261, 3604.381404354, 3604.578979219, 3604.783653693, 3604.947471262, 3605.155215131, 3605.372093346, 3605.761439747, 3606.244585583, 3606.563843447, 3606.797052092, 3606.999443944, 3607.157866912, 3607.354566231, 3607.572793289, 3607.783548831, 3608.087199834, 3608.265429286, 3608.381704787, 3608.6208761, 3608.787176347, 3608.974254402, 3609.20094019, 3609.399461142, 3609.705508323, 3609.935479285, 3610.145431883, 3610.363218819, 3610.529382519, 3610.823104851, 3611.052971108, 3611.231453503, 3611.669874322, 3611.850899349], "episode_lengths": [57, 13, 9, 30, 11, 24, 10, 14, 23, 56, 13, 15, 24, 20, 10, 14, 19, 19, 11, 19, 40, 17, 13, 22, 22, 13, 54, 21, 22, 26, 22, 29, 58, 18, 13, 16, 19, 20, 22, 11, 19, 11, 39, 18, 14, 15, 23, 25, 19, 20, 15, 9, 14, 16, 14, 13, 16, 17, 15, 13, 27, 45, 61, 33, 14, 19, 13, 16, 22, 17, 35, 13, 10, 28, 11, 21, 16, 14, 35, 11, 18, 17, 8, 38, 21, 11, 52, 10], "episode_rewards": [57.0, 13.0, 9.0, 30.0, 11.0, 24.0, 10.0, 14.0, 23.0, 56.0, 13.0, 15.0, 24.0, 20.0, 10.0, 14.0, 19.0, 19.0, 11.0, 19.0, 40.0, 17.0, 13.0, 22.0, 22.0, 13.0, 54.0, 21.0, 22.0, 26.0, 22.0, 29.0, 58.0, 18.0, 13.0, 16.0, 19.0, 20.0, 22.0, 11.0, 19.0, 11.0, 39.0, 18.0, 14.0, 15.0, 23.0, 25.0, 19.0, 20.0, 15.0, 9.0, 14.0, 16.0, 14.0, 13.0, 16.0, 17.0, 15.0, 13.0, 27.0, 45.0, 61.0, 33.0, 14.0, 19.0, 13.0, 16.0, 22.0, 17.0, 35.0, 13.0, 10.0, 28.0, 11.0, 21.0, 16.0, 14.0, 35.0, 11.0, 18.0, 17.0, 8.0, 38.0, 21.0, 11.0, 52.0, 10.0], "episode_types": ["t", "t", "t", "t", "t", "t", "t", "t", "t", "t", "t", "t", "t", "t", "t", "t", "t", "t", "t", "t", "t", "t", "t", "t", "t", "t", "t", "t", "t", "t", "t", "t", "t", "t", "t", "t", "t", "t", "t", "t", "t", "t", "t", "t", "t", "t", "t", "t", "t", "t", "t", "t", "t", "t", "t", "t", "t", "t", "t", "t", "t", "t", "t", "t", "t", "t", "t", "t", "t", "t", "t", "t", "t", "t", "t", "t", "t", "t", "t", "t", "t", "t", "t", "t", "t", "t", "t", "t", "t"]}